url,url_length,has_https,special_char_count,has_ip,label
https://www.google.com,22,1,2,0,0
https://www.facebook.com,23,1,2,0,0
https://www.github.com,21,1,2,0,0
https://www.amazon.com,21,1,2,0,0
https://www.wikipedia.org,24,1,2,0,0
https://www.microsoft.com,24,1,2,0,0
https://www.apple.com,20,1,2,0,0
https://www.netflix.com,22,1,2,0,0
https://www.linkedin.com,23,1,2,0,0
https://www.twitter.com,22,1,2,0,0
https://www.stackoverflow.com,28,1,2,0,0
https://www.reddit.com,21,1,2,0,0
https://www.youtube.com,22,1,2,0,0
https://www.instagram.com,24,1,2,0,0
https://www.python.org,21,1,2,0,0
https://www.openai.com,21,1,2,0,0
https://www.cloudflare.com,25,1,2,0,0
https://www.stripe.com,21,1,2,0,0
https://www.dropbox.com,22,1,2,0,0
https://www.zoom.us,18,1,2,0,0
http://192.168.1.1/login,24,0,4,1,1
http://10.0.0.1/admin,21,0,3,1,1
http://paypa1.com/signin,22,0,3,0,1
http://secure-login-paypal.suspicious.com,41,0,4,0,1
http://bank-login-verify.xyz,28,0,4,0,1
http://free-prize-winner.info/claim,35,0,5,0,1
http://verify-your-account-now.net,33,0,5,0,1
http://login-facebook-secure.malicious.ru,40,0,5,0,1
http://update-your-info-immediately.biz,38,0,5,0,1
http://password-reset-required.suspicious.org,45,0,6,0,1
http://172.16.0.1/phish,22,0,4,1,1
http://malware-download.tk/payload,33,0,5,0,1
http://click-here-free-money.info,32,0,5,0,1
http://urgent-account-suspended.xyz,34,0,5,0,1
http://confirm-identity-now.net,30,0,4,0,1
http://win-lottery-claim-prize.com,33,0,5,0,1
http://security-alert-verify.net,31,0,5,0,1
http://account-hacked-fix-now.com,32,0,5,0,1
http://cheap-pharmacy-pills.biz,30,0,4,0,1
http://download-virus-free.tk,28,0,4,0,1
https://shop.example.com,22,1,2,0,0
https://blog.example.com,22,1,2,0,0
https://api.example.com,21,1,2,0,0
https://mail.example.com,22,1,2,0,0
https://docs.example.com,22,1,2,0,0
https://www.bbc.com,18,1,2,0,0
https://www.cnn.com,18,1,2,0,0
https://www.nytimes.com,22,1,2,0,0
https://www.coursera.org,22,1,2,0,0
https://www.udemy.com,19,1,2,0,0
http://freegift-clickhere.xyz/win,33,0,5,0,1
http://login-secure-bank.net,27,0,4,0,1
http://your-computer-virus.info,31,0,5,0,1
http://prize-notification-urgent.biz,36,0,5,0,1
http://tracking-id-verify.net,28,0,4,0,1
https://www.adobe.com,19,1,2,0,0
https://www.salesforce.com,25,1,2,0,0
https://www.slack.com,19,1,2,0,0
https://www.notion.so,19,1,2,0,0
https://www.figma.com,19,1,2,0,0
http://12.34.56.78/login,22,0,4,1,1
http://99.88.77.66/admin,22,0,4,1,1
http://1.2.3.4/phishing,22,0,4,1,1
http://spoofed-google.com/login,30,0,4,0,1
http://fake-amazon-deals.biz,27,0,4,0,1
https://www.shopify.com,21,1,2,0,0
https://www.wordpress.com,23,1,2,0,0
https://www.medium.com,20,1,2,0,0
https://www.twitch.tv,19,1,2,0,0
https://www.spotify.com,21,1,2,0,0
http://download-crack-software.xyz,34,0,5,0,1
http://verify-paypal-account.suspicious.net,42,0,6,0,1
http://update-banking-info.biz,29,0,4,0,1
http://windows-virus-detected.net,32,0,5,0,1
http://your-iphone-hacked.info,29,0,4,0,1
https://www.gitlab.com,20,1,2,0,0
https://www.bitbucket.org,23,1,2,0,0
https://www.heroku.com,20,1,2,0,0
https://www.digitalocean.com,27,1,2,0,0
https://www.aws.amazon.com,25,1,2,0,0
http://steal-your-password.net,30,0,5,0,1
http://phishing-site-example.xyz,32,0,5,0,1
http://malware-infected-site.tk,31,0,5,0,1
http://ransomware-download.biz,29,0,5,0,1
http://botnet-control.su,22,0,4,0,1
https://www.canva.com,19,1,2,0,0
https://www.trello.com,20,1,2,0,0
https://www.asana.com,19,1,2,0,0
https://www.zendesk.com,21,1,2,0,0
https://www.hubspot.com,21,1,2,0,0
http://login-now-urgent-bank.net,31,0,5,0,1
http://reset-password-click.xyz,30,0,5,0,1
http://confirm-your-email-now.biz,32,0,5,0,1
http://account-locked-verify.net,31,0,5,0,1
http://suspicious-activity-alert.com,35,0,5,0,1
https://www.coursera.org,22,1,2,0,0
https://www.khanacademy.org,25,1,2,0,0
https://www.edx.org,17,1,2,0,0
https://www.mit.edu,17,1,2,0,0
https://www.stanford.edu,22,1,2,0,0

https://www.yahoo.com,21,1,0,0,0
https://blog.yahoo.com,22,1,0,0,0
https://api.yahoo.com/v1/status,31,1,0,0,0
https://www.bing.com,20,1,0,0,0
https://blog.bing.com,21,1,0,0,0
https://api.bing.com/v1/status,30,1,0,0,0
https://www.duckduckgo.com,26,1,0,0,0
https://blog.duckduckgo.com,27,1,0,0,0
https://api.duckduckgo.com/v1/status,36,1,0,0,0
https://www.yandex.ru,21,1,0,0,0
https://blog.yandex.ru,22,1,0,0,0
https://api.yandex.ru/v1/status,31,1,0,0,0
https://www.baidu.com,21,1,0,0,0
https://blog.baidu.com,22,1,0,0,0
https://api.baidu.com/v1/status,31,1,0,0,0
https://www.wikipedia.org,25,1,0,0,0
https://blog.wikipedia.org,26,1,0,0,0
https://api.wikipedia.org/v1/status,35,1,0,0,0
https://www.github.com,22,1,0,0,0
https://blog.github.com,23,1,0,0,0
https://api.github.com/v1/status,32,1,0,0,0
https://www.gitlab.com,22,1,0,0,0
https://blog.gitlab.com,23,1,0,0,0
https://api.gitlab.com/v1/status,32,1,0,0,0
https://www.bitbucket.org,25,1,0,0,0
https://blog.bitbucket.org,26,1,0,0,0
https://api.bitbucket.org/v1/status,35,1,0,0,0
https://www.codepen.io,22,1,0,0,0
https://blog.codepen.io,23,1,0,0,0
https://api.codepen.io/v1/status,32,1,0,0,0
https://www.stackoverflow.com,29,1,0,0,0
https://blog.stackoverflow.com,30,1,0,0,0
https://api.stackoverflow.com/v1/status,39,1,0,0,0
https://www.reddit.com,22,1,0,0,0
https://blog.reddit.com,23,1,0,0,0
https://api.reddit.com/v1/status,32,1,0,0,0
https://www.pinterest.com,25,1,0,0,0
https://blog.pinterest.com,26,1,0,0,0
https://api.pinterest.com/v1/status,35,1,0,0,0
https://www.tumblr.com,22,1,0,0,0
https://blog.tumblr.com,23,1,0,0,0
https://api.tumblr.com/v1/status,32,1,0,0,0
https://www.flickr.com,22,1,0,0,0
https://blog.flickr.com,23,1,0,0,0
https://api.flickr.com/v1/status,32,1,0,0,0
https://www.vimeo.com,21,1,0,0,0
https://blog.vimeo.com,22,1,0,0,0
https://api.vimeo.com/v1/status,31,1,0,0,0
https://www.dailymotion.com,27,1,0,0,0
https://blog.dailymotion.com,28,1,0,0,0
https://api.dailymotion.com/v1/status,37,1,0,0,0
https://www.twitch.tv,21,1,0,0,0
https://blog.twitch.tv,22,1,0,0,0
https://api.twitch.tv/v1/status,31,1,0,0,0
https://www.soundcloud.com,26,1,0,0,0
https://blog.soundcloud.com,27,1,0,0,0
https://api.soundcloud.com/v1/status,36,1,0,0,0
https://www.spotify.com,23,1,0,0,0
https://blog.spotify.com,24,1,0,0,0
https://api.spotify.com/v1/status,33,1,0,0,0
https://www.apple.com,21,1,0,0,0
https://blog.apple.com,22,1,0,0,0
https://api.apple.com/v1/status,31,1,0,0,0
https://www.microsoft.com,25,1,0,0,0
https://blog.microsoft.com,26,1,0,0,0
https://api.microsoft.com/v1/status,35,1,0,0,0
https://www.samsung.com,23,1,0,0,0
https://blog.samsung.com,24,1,0,0,0
https://api.samsung.com/v1/status,33,1,0,0,0
https://www.sony.com,20,1,0,0,0
https://blog.sony.com,21,1,0,0,0
https://api.sony.com/v1/status,30,1,0,0,0
https://www.dell.com,20,1,0,0,0
https://blog.dell.com,21,1,0,0,0
https://api.dell.com/v1/status,30,1,0,0,0
https://www.hp.com,18,1,0,0,0
https://blog.hp.com,19,1,0,0,0
https://api.hp.com/v1/status,28,1,0,0,0
https://www.lenovo.com,22,1,0,0,0
https://blog.lenovo.com,23,1,0,0,0
https://api.lenovo.com/v1/status,32,1,0,0,0
https://www.asus.com,20,1,0,0,0
https://blog.asus.com,21,1,0,0,0
https://api.asus.com/v1/status,30,1,0,0,0
https://www.acer.com,20,1,0,0,0
https://blog.acer.com,21,1,0,0,0
https://api.acer.com/v1/status,30,1,0,0,0
https://www.intel.com,21,1,0,0,0
https://blog.intel.com,22,1,0,0,0
https://api.intel.com/v1/status,31,1,0,0,0
https://www.amd.com,19,1,0,0,0
https://blog.amd.com,20,1,0,0,0
https://api.amd.com/v1/status,29,1,0,0,0
https://www.nvidia.com,22,1,0,0,0
https://blog.nvidia.com,23,1,0,0,0
https://api.nvidia.com/v1/status,32,1,0,0,0
https://www.cisco.com,21,1,0,0,0
https://blog.cisco.com,22,1,0,0,0
https://api.cisco.com/v1/status,31,1,0,0,0
https://www.ibm.com,19,1,0,0,0
https://blog.ibm.com,20,1,0,0,0
https://api.ibm.com/v1/status,29,1,0,0,0
https://www.oracle.com,22,1,0,0,0
https://blog.oracle.com,23,1,0,0,0
https://api.oracle.com/v1/status,32,1,0,0,0
https://www.salesforce.com,26,1,0,0,0
https://blog.salesforce.com,27,1,0,0,0
https://api.salesforce.com/v1/status,36,1,0,0,0
https://www.adobe.com,21,1,0,0,0
https://blog.adobe.com,22,1,0,0,0
https://api.adobe.com/v1/status,31,1,0,0,0
https://www.autodesk.com,24,1,0,0,0
https://blog.autodesk.com,25,1,0,0,0
https://api.autodesk.com/v1/status,34,1,0,0,0
https://www.unity.com,21,1,0,0,0
https://blog.unity.com,22,1,0,0,0
https://api.unity.com/v1/status,31,1,0,0,0
https://www.epicgames.com,25,1,0,0,0
https://blog.epicgames.com,26,1,0,0,0
https://api.epicgames.com/v1/status,35,1,0,0,0
https://www.ea.com,18,1,0,0,0
https://blog.ea.com,19,1,0,0,0
https://api.ea.com/v1/status,28,1,0,0,0
https://www.ubisoft.com,23,1,0,0,0
https://blog.ubisoft.com,24,1,0,0,0
https://api.ubisoft.com/v1/status,33,1,0,0,0
https://www.nintendo.com,24,1,0,0,0
https://blog.nintendo.com,25,1,0,0,0
https://api.nintendo.com/v1/status,34,1,0,0,0
https://www.steampowered.com,28,1,0,0,0
https://blog.steampowered.com,29,1,0,0,0
https://api.steampowered.com/v1/status,38,1,0,0,0
https://www.gog.com,19,1,0,0,0
https://blog.gog.com,20,1,0,0,0
https://api.gog.com/v1/status,29,1,0,0,0
https://www.humblebundle.com,28,1,0,0,0
https://blog.humblebundle.com,29,1,0,0,0
https://api.humblebundle.com/v1/status,38,1,0,0,0
https://www.itch.io,19,1,0,0,0
https://blog.itch.io,20,1,0,0,0
https://api.itch.io/v1/status,29,1,0,0,0
https://www.kickstarter.com,27,1,0,0,0
https://blog.kickstarter.com,28,1,0,0,0
https://api.kickstarter.com/v1/status,37,1,0,0,0
https://www.indiegogo.com,25,1,0,0,0
https://blog.indiegogo.com,26,1,0,0,0
https://api.indiegogo.com/v1/status,35,1,0,0,0
https://www.patreon.com,23,1,0,0,0
https://blog.patreon.com,24,1,0,0,0
https://api.patreon.com/v1/status,33,1,0,0,0
https://www.gofundme.com,24,1,0,0,0
https://blog.gofundme.com,25,1,0,0,0
https://api.gofundme.com/v1/status,34,1,0,0,0
https://www.kiva.org,20,1,0,0,0
https://blog.kiva.org,21,1,0,0,0
https://api.kiva.org/v1/status,30,1,0,0,0
https://www.change.org,22,1,0,0,0
https://blog.change.org,23,1,0,0,0
https://api.change.org/v1/status,32,1,0,0,0
https://www.unicef.org,22,1,0,0,0
https://blog.unicef.org,23,1,0,0,0
https://api.unicef.org/v1/status,32,1,0,0,0
https://www.who.int,19,1,0,0,0
https://blog.who.int,20,1,0,0,0
https://api.who.int/v1/status,29,1,0,0,0
https://www.un.org,18,1,0,0,0
https://blog.un.org,19,1,0,0,0
https://api.un.org/v1/status,28,1,0,0,0
https://www.worldbank.org,25,1,0,0,0
https://blog.worldbank.org,26,1,0,0,0
https://api.worldbank.org/v1/status,35,1,0,0,0
https://www.imf.org,19,1,0,0,0
https://blog.imf.org,20,1,0,0,0
https://api.imf.org/v1/status,29,1,0,0,0
https://www.wto.org,19,1,0,0,0
https://blog.wto.org,20,1,0,0,0
https://api.wto.org/v1/status,29,1,0,0,0
https://www.oecd.org,20,1,0,0,0
https://blog.oecd.org,21,1,0,0,0
https://api.oecd.org/v1/status,30,1,0,0,0
http://paypal-login.security-verify.com,39,0,2,0,1
http://verify-account-paypal.biz,32,0,2,0,1
http://paypal-secure-update.net,31,0,2,0,1
http://free-giveaway-paypal.xyz,31,0,2,0,1
http://paypal-support-alert.tk,30,0,2,0,1
http://paypal.invoice-download-123.com,38,0,2,0,1
http://paypal-payment-failed-urgent.su,38,0,3,0,1
http://paypal-password-reset.info,33,0,2,0,1
http://paypal.secure-banking.org,32,0,1,0,1
http://paypal-customer-service.ml,33,0,2,0,1
http://bank-login.security-verify.com,37,0,2,0,1
http://verify-account-bank.biz,30,0,2,0,1
http://bank-secure-update.net,29,0,2,0,1
http://free-giveaway-bank.xyz,29,0,2,0,1
http://bank-support-alert.tk,28,0,2,0,1
http://bank.invoice-download-123.com,36,0,2,0,1
http://bank-payment-failed-urgent.su,36,0,3,0,1
http://bank-password-reset.info,31,0,2,0,1
http://bank.secure-banking.org,30,0,1,0,1
http://bank-customer-service.ml,31,0,2,0,1
http://apple-login.security-verify.com,38,0,2,0,1
http://verify-account-apple.biz,31,0,2,0,1
http://apple-secure-update.net,30,0,2,0,1
http://free-giveaway-apple.xyz,30,0,2,0,1
http://apple-support-alert.tk,29,0,2,0,1
http://apple.invoice-download-123.com,37,0,2,0,1
http://apple-payment-failed-urgent.su,37,0,3,0,1
http://apple-password-reset.info,32,0,2,0,1
http://apple.secure-banking.org,31,0,1,0,1
http://apple-customer-service.ml,32,0,2,0,1
http://amazon-login.security-verify.com,39,0,2,0,1
http://verify-account-amazon.biz,32,0,2,0,1
http://amazon-secure-update.net,31,0,2,0,1
http://free-giveaway-amazon.xyz,31,0,2,0,1
http://amazon-support-alert.tk,30,0,2,0,1
http://amazon.invoice-download-123.com,38,0,2,0,1
http://amazon-payment-failed-urgent.su,38,0,3,0,1
http://amazon-password-reset.info,33,0,2,0,1
http://amazon.secure-banking.org,32,0,1,0,1
http://amazon-customer-service.ml,33,0,2,0,1
http://microsoft-login.security-verify.com,42,0,2,0,1
http://verify-account-microsoft.biz,35,0,2,0,1
http://microsoft-secure-update.net,34,0,2,0,1
http://free-giveaway-microsoft.xyz,34,0,2,0,1
http://microsoft-support-alert.tk,33,0,2,0,1
http://microsoft.invoice-download-123.com,41,0,2,0,1
http://microsoft-payment-failed-urgent.su,41,0,3,0,1
http://microsoft-password-reset.info,36,0,2,0,1
http://microsoft.secure-banking.org,35,0,1,0,1
http://microsoft-customer-service.ml,36,0,2,0,1
http://google-login.security-verify.com,39,0,2,0,1
http://verify-account-google.biz,32,0,2,0,1
http://google-secure-update.net,31,0,2,0,1
http://free-giveaway-google.xyz,31,0,2,0,1
http://google-support-alert.tk,30,0,2,0,1
http://google.invoice-download-123.com,38,0,2,0,1
http://google-payment-failed-urgent.su,38,0,3,0,1
http://google-password-reset.info,33,0,2,0,1
http://google.secure-banking.org,32,0,1,0,1
http://google-customer-service.ml,33,0,2,0,1
http://facebook-login.security-verify.com,41,0,2,0,1
http://verify-account-facebook.biz,34,0,2,0,1
http://facebook-secure-update.net,33,0,2,0,1
http://free-giveaway-facebook.xyz,33,0,2,0,1
http://facebook-support-alert.tk,32,0,2,0,1
http://facebook.invoice-download-123.com,40,0,2,0,1
http://facebook-payment-failed-urgent.su,40,0,3,0,1
http://facebook-password-reset.info,35,0,2,0,1
http://facebook.secure-banking.org,34,0,1,0,1
http://facebook-customer-service.ml,35,0,2,0,1
http://netflix-login.security-verify.com,40,0,2,0,1
http://verify-account-netflix.biz,33,0,2,0,1
http://netflix-secure-update.net,32,0,2,0,1
http://free-giveaway-netflix.xyz,32,0,2,0,1
http://netflix-support-alert.tk,31,0,2,0,1
http://netflix.invoice-download-123.com,39,0,2,0,1
http://netflix-payment-failed-urgent.su,39,0,3,0,1
http://netflix-password-reset.info,34,0,2,0,1
http://netflix.secure-banking.org,33,0,1,0,1
http://netflix-customer-service.ml,34,0,2,0,1
http://stripe-login.security-verify.com,39,0,2,0,1
http://verify-account-stripe.biz,32,0,2,0,1
http://stripe-secure-update.net,31,0,2,0,1
http://free-giveaway-stripe.xyz,31,0,2,0,1
http://stripe-support-alert.tk,30,0,2,0,1
http://stripe.invoice-download-123.com,38,0,2,0,1
http://stripe-payment-failed-urgent.su,38,0,3,0,1
http://stripe-password-reset.info,33,0,2,0,1
http://stripe.secure-banking.org,32,0,1,0,1
http://stripe-customer-service.ml,33,0,2,0,1
http://chase-login.security-verify.com,38,0,2,0,1
http://verify-account-chase.biz,31,0,2,0,1
http://chase-secure-update.net,30,0,2,0,1
http://free-giveaway-chase.xyz,30,0,2,0,1
http://chase-support-alert.tk,29,0,2,0,1
http://chase.invoice-download-123.com,37,0,2,0,1
http://chase-payment-failed-urgent.su,37,0,3,0,1
http://chase-password-reset.info,32,0,2,0,1
http://chase.secure-banking.org,31,0,1,0,1
http://chase-customer-service.ml,32,0,2,0,1
http://192.168.1.100/login,26,0,0,1,1
http://10.0.0.50/admin,22,0,0,1,1
http://172.16.254.1/auth,24,0,0,1,1
http://8.8.8.8/verify,21,0,0,1,1
http://1.1.1.1/secure,21,0,0,1,1